,com,value
0,[43],0.9333333333333333
1,"[43, 48]",0.8666666666666667
2,"[43, 48, 64]",0.9
3,"[43, 48, 64, 5]",0.9
4,"[43, 48, 64, 5, 8]",0.9
5,"[43, 48, 64, 5, 8, 39]",0.9
6,"[43, 48, 64, 5, 8, 39, 54]",0.9
7,"[43, 48, 64, 5, 8, 39, 54, 65]",0.9
8,"[43, 48, 64, 5, 8, 39, 54, 65, 82]",0.8666666666666667
9,"[43, 48, 64, 5, 8, 39, 54, 65, 82, 84]",0.9
10,"[43, 48, 64, 5, 8, 39, 54, 65, 82, 84, 91]",0.9
11,"[43, 48, 64, 5, 8, 39, 54, 65, 82, 84, 91, 92]",0.9
12,"[43, 48, 64, 5, 8, 39, 54, 65, 82, 84, 91, 92, 17]",0.9
13,"[43, 48, 64, 5, 8, 39, 54, 65, 82, 84, 91, 92, 17, 32]",0.9
14,"[43, 48, 64, 5, 8, 39, 54, 65, 82, 84, 91, 92, 17, 32, 35]",0.9
15,"[43, 48, 64, 5, 8, 39, 54, 65, 82, 84, 91, 92, 17, 32, 35, 45]",0.9
16,"[43, 48, 64, 5, 8, 39, 54, 65, 82, 84, 91, 92, 17, 32, 35, 45, 50]",0.9
17,"[43, 48, 64, 5, 8, 39, 54, 65, 82, 84, 91, 92, 17, 32, 35, 45, 50, 66]",0.9
18,"[43, 48, 64, 5, 8, 39, 54, 65, 82, 84, 91, 92, 17, 32, 35, 45, 50, 66, 69]",0.9
19,"[43, 48, 64, 5, 8, 39, 54, 65, 82, 84, 91, 92, 17, 32, 35, 45, 50, 66, 69, 72]",0.9
20,"[43, 48, 64, 5, 8, 39, 54, 65, 82, 84, 91, 92, 17, 32, 35, 45, 50, 66, 69, 72, 93]",0.9
21,"[43, 48, 64, 5, 8, 39, 54, 65, 82, 84, 91, 92, 17, 32, 35, 45, 50, 66, 69, 72, 93, 95]",0.9
22,"[43, 48, 64, 5, 8, 39, 54, 65, 82, 84, 91, 92, 17, 32, 35, 45, 50, 66, 69, 72, 93, 95, 106]",0.9
23,"[43, 48, 64, 5, 8, 39, 54, 65, 82, 84, 91, 92, 17, 32, 35, 45, 50, 66, 69, 72, 93, 95, 106, 0]",0.9
24,"[43, 48, 64, 5, 8, 39, 54, 65, 82, 84, 91, 92, 17, 32, 35, 45, 50, 66, 69, 72, 93, 95, 106, 0, 1]",0.9
25,"[43, 48, 64, 5, 8, 39, 54, 65, 82, 84, 91, 92, 17, 32, 35, 45, 50, 66, 69, 72, 93, 95, 106, 0, 1, 2]",0.9
26,"[43, 48, 64, 5, 8, 39, 54, 65, 82, 84, 91, 92, 17, 32, 35, 45, 50, 66, 69, 72, 93, 95, 106, 0, 1, 2, 4]",0.9
27,"[43, 48, 64, 5, 8, 39, 54, 65, 82, 84, 91, 92, 17, 32, 35, 45, 50, 66, 69, 72, 93, 95, 106, 0, 1, 2, 4, 7]",0.9
28,"[43, 48, 64, 5, 8, 39, 54, 65, 82, 84, 91, 92, 17, 32, 35, 45, 50, 66, 69, 72, 93, 95, 106, 0, 1, 2, 4, 7, 9]",0.9
29,"[43, 48, 64, 5, 8, 39, 54, 65, 82, 84, 91, 92, 17, 32, 35, 45, 50, 66, 69, 72, 93, 95, 106, 0, 1, 2, 4, 7, 9, 14]",0.9
30,"[43, 48, 64, 5, 8, 39, 54, 65, 82, 84, 91, 92, 17, 32, 35, 45, 50, 66, 69, 72, 93, 95, 106, 0, 1, 2, 4, 7, 9, 14, 16]",0.9333333333333333
31,"[43, 48, 64, 5, 8, 39, 54, 65, 82, 84, 91, 92, 17, 32, 35, 45, 50, 66, 69, 72, 93, 95, 106, 0, 1, 2, 4, 7, 9, 14, 16, 18]",0.9
32,"[43, 48, 64, 5, 8, 39, 54, 65, 82, 84, 91, 92, 17, 32, 35, 45, 50, 66, 69, 72, 93, 95, 106, 0, 1, 2, 4, 7, 9, 14, 16, 18, 21]",0.9
33,"[43, 48, 64, 5, 8, 39, 54, 65, 82, 84, 91, 92, 17, 32, 35, 45, 50, 66, 69, 72, 93, 95, 106, 0, 1, 2, 4, 7, 9, 14, 16, 18, 21, 22]",0.9333333333333333
34,"[43, 48, 64, 5, 8, 39, 54, 65, 82, 84, 91, 92, 17, 32, 35, 45, 50, 66, 69, 72, 93, 95, 106, 0, 1, 2, 4, 7, 9, 14, 16, 18, 21, 22, 23]",0.9
35,"[43, 48, 64, 5, 8, 39, 54, 65, 82, 84, 91, 92, 17, 32, 35, 45, 50, 66, 69, 72, 93, 95, 106, 0, 1, 2, 4, 7, 9, 14, 16, 18, 21, 22, 23, 30]",0.9
36,"[43, 48, 64, 5, 8, 39, 54, 65, 82, 84, 91, 92, 17, 32, 35, 45, 50, 66, 69, 72, 93, 95, 106, 0, 1, 2, 4, 7, 9, 14, 16, 18, 21, 22, 23, 30, 33]",0.9333333333333333
37,"[43, 48, 64, 5, 8, 39, 54, 65, 82, 84, 91, 92, 17, 32, 35, 45, 50, 66, 69, 72, 93, 95, 106, 0, 1, 2, 4, 7, 9, 14, 16, 18, 21, 22, 23, 30, 33, 46]",0.9
38,"[43, 48, 64, 5, 8, 39, 54, 65, 82, 84, 91, 92, 17, 32, 35, 45, 50, 66, 69, 72, 93, 95, 106, 0, 1, 2, 4, 7, 9, 14, 16, 18, 21, 22, 23, 30, 33, 46, 47]",0.9
39,"[43, 48, 64, 5, 8, 39, 54, 65, 82, 84, 91, 92, 17, 32, 35, 45, 50, 66, 69, 72, 93, 95, 106, 0, 1, 2, 4, 7, 9, 14, 16, 18, 21, 22, 23, 30, 33, 46, 47, 56]",0.9
40,"[43, 48, 64, 5, 8, 39, 54, 65, 82, 84, 91, 92, 17, 32, 35, 45, 50, 66, 69, 72, 93, 95, 106, 0, 1, 2, 4, 7, 9, 14, 16, 18, 21, 22, 23, 30, 33, 46, 47, 56, 57]",0.9333333333333333
41,"[43, 48, 64, 5, 8, 39, 54, 65, 82, 84, 91, 92, 17, 32, 35, 45, 50, 66, 69, 72, 93, 95, 106, 0, 1, 2, 4, 7, 9, 14, 16, 18, 21, 22, 23, 30, 33, 46, 47, 56, 57, 60]",0.9333333333333333
42,"[43, 48, 64, 5, 8, 39, 54, 65, 82, 84, 91, 92, 17, 32, 35, 45, 50, 66, 69, 72, 93, 95, 106, 0, 1, 2, 4, 7, 9, 14, 16, 18, 21, 22, 23, 30, 33, 46, 47, 56, 57, 60, 61]",0.9333333333333333
43,"[43, 48, 64, 5, 8, 39, 54, 65, 82, 84, 91, 92, 17, 32, 35, 45, 50, 66, 69, 72, 93, 95, 106, 0, 1, 2, 4, 7, 9, 14, 16, 18, 21, 22, 23, 30, 33, 46, 47, 56, 57, 60, 61, 76]",0.9333333333333333
44,"[43, 48, 64, 5, 8, 39, 54, 65, 82, 84, 91, 92, 17, 32, 35, 45, 50, 66, 69, 72, 93, 95, 106, 0, 1, 2, 4, 7, 9, 14, 16, 18, 21, 22, 23, 30, 33, 46, 47, 56, 57, 60, 61, 76, 83]",0.9333333333333333
45,"[43, 48, 64, 5, 8, 39, 54, 65, 82, 84, 91, 92, 17, 32, 35, 45, 50, 66, 69, 72, 93, 95, 106, 0, 1, 2, 4, 7, 9, 14, 16, 18, 21, 22, 23, 30, 33, 46, 47, 56, 57, 60, 61, 76, 83, 90]",0.9
46,"[43, 48, 64, 5, 8, 39, 54, 65, 82, 84, 91, 92, 17, 32, 35, 45, 50, 66, 69, 72, 93, 95, 106, 0, 1, 2, 4, 7, 9, 14, 16, 18, 21, 22, 23, 30, 33, 46, 47, 56, 57, 60, 61, 76, 83, 90, 94]",0.9
47,"[43, 48, 64, 5, 8, 39, 54, 65, 82, 84, 91, 92, 17, 32, 35, 45, 50, 66, 69, 72, 93, 95, 106, 0, 1, 2, 4, 7, 9, 14, 16, 18, 21, 22, 23, 30, 33, 46, 47, 56, 57, 60, 61, 76, 83, 90, 94, 99]",0.9333333333333333
48,"[43, 48, 64, 5, 8, 39, 54, 65, 82, 84, 91, 92, 17, 32, 35, 45, 50, 66, 69, 72, 93, 95, 106, 0, 1, 2, 4, 7, 9, 14, 16, 18, 21, 22, 23, 30, 33, 46, 47, 56, 57, 60, 61, 76, 83, 90, 94, 99, 104]",0.9333333333333333
49,"[43, 48, 64, 5, 8, 39, 54, 65, 82, 84, 91, 92, 17, 32, 35, 45, 50, 66, 69, 72, 93, 95, 106, 0, 1, 2, 4, 7, 9, 14, 16, 18, 21, 22, 23, 30, 33, 46, 47, 56, 57, 60, 61, 76, 83, 90, 94, 99, 104, 6]",0.9
50,"[43, 48, 64, 5, 8, 39, 54, 65, 82, 84, 91, 92, 17, 32, 35, 45, 50, 66, 69, 72, 93, 95, 106, 0, 1, 2, 4, 7, 9, 14, 16, 18, 21, 22, 23, 30, 33, 46, 47, 56, 57, 60, 61, 76, 83, 90, 94, 99, 104, 6, 10]",0.9333333333333333
51,"[43, 48, 64, 5, 8, 39, 54, 65, 82, 84, 91, 92, 17, 32, 35, 45, 50, 66, 69, 72, 93, 95, 106, 0, 1, 2, 4, 7, 9, 14, 16, 18, 21, 22, 23, 30, 33, 46, 47, 56, 57, 60, 61, 76, 83, 90, 94, 99, 104, 6, 10, 11]",0.9
52,"[43, 48, 64, 5, 8, 39, 54, 65, 82, 84, 91, 92, 17, 32, 35, 45, 50, 66, 69, 72, 93, 95, 106, 0, 1, 2, 4, 7, 9, 14, 16, 18, 21, 22, 23, 30, 33, 46, 47, 56, 57, 60, 61, 76, 83, 90, 94, 99, 104, 6, 10, 11, 19]",0.8666666666666667
53,"[43, 48, 64, 5, 8, 39, 54, 65, 82, 84, 91, 92, 17, 32, 35, 45, 50, 66, 69, 72, 93, 95, 106, 0, 1, 2, 4, 7, 9, 14, 16, 18, 21, 22, 23, 30, 33, 46, 47, 56, 57, 60, 61, 76, 83, 90, 94, 99, 104, 6, 10, 11, 19, 34]",0.9
54,"[43, 48, 64, 5, 8, 39, 54, 65, 82, 84, 91, 92, 17, 32, 35, 45, 50, 66, 69, 72, 93, 95, 106, 0, 1, 2, 4, 7, 9, 14, 16, 18, 21, 22, 23, 30, 33, 46, 47, 56, 57, 60, 61, 76, 83, 90, 94, 99, 104, 6, 10, 11, 19, 34, 37]",0.9333333333333333
55,"[43, 48, 64, 5, 8, 39, 54, 65, 82, 84, 91, 92, 17, 32, 35, 45, 50, 66, 69, 72, 93, 95, 106, 0, 1, 2, 4, 7, 9, 14, 16, 18, 21, 22, 23, 30, 33, 46, 47, 56, 57, 60, 61, 76, 83, 90, 94, 99, 104, 6, 10, 11, 19, 34, 37, 38]",0.9333333333333333
56,"[43, 48, 64, 5, 8, 39, 54, 65, 82, 84, 91, 92, 17, 32, 35, 45, 50, 66, 69, 72, 93, 95, 106, 0, 1, 2, 4, 7, 9, 14, 16, 18, 21, 22, 23, 30, 33, 46, 47, 56, 57, 60, 61, 76, 83, 90, 94, 99, 104, 6, 10, 11, 19, 34, 37, 38, 42]",0.9333333333333333
57,"[43, 48, 64, 5, 8, 39, 54, 65, 82, 84, 91, 92, 17, 32, 35, 45, 50, 66, 69, 72, 93, 95, 106, 0, 1, 2, 4, 7, 9, 14, 16, 18, 21, 22, 23, 30, 33, 46, 47, 56, 57, 60, 61, 76, 83, 90, 94, 99, 104, 6, 10, 11, 19, 34, 37, 38, 42, 49]",0.9
58,"[43, 48, 64, 5, 8, 39, 54, 65, 82, 84, 91, 92, 17, 32, 35, 45, 50, 66, 69, 72, 93, 95, 106, 0, 1, 2, 4, 7, 9, 14, 16, 18, 21, 22, 23, 30, 33, 46, 47, 56, 57, 60, 61, 76, 83, 90, 94, 99, 104, 6, 10, 11, 19, 34, 37, 38, 42, 49, 55]",0.9
59,"[43, 48, 64, 5, 8, 39, 54, 65, 82, 84, 91, 92, 17, 32, 35, 45, 50, 66, 69, 72, 93, 95, 106, 0, 1, 2, 4, 7, 9, 14, 16, 18, 21, 22, 23, 30, 33, 46, 47, 56, 57, 60, 61, 76, 83, 90, 94, 99, 104, 6, 10, 11, 19, 34, 37, 38, 42, 49, 55, 58]",0.9333333333333333
60,"[43, 48, 64, 5, 8, 39, 54, 65, 82, 84, 91, 92, 17, 32, 35, 45, 50, 66, 69, 72, 93, 95, 106, 0, 1, 2, 4, 7, 9, 14, 16, 18, 21, 22, 23, 30, 33, 46, 47, 56, 57, 60, 61, 76, 83, 90, 94, 99, 104, 6, 10, 11, 19, 34, 37, 38, 42, 49, 55, 58, 67]",0.9
61,"[43, 48, 64, 5, 8, 39, 54, 65, 82, 84, 91, 92, 17, 32, 35, 45, 50, 66, 69, 72, 93, 95, 106, 0, 1, 2, 4, 7, 9, 14, 16, 18, 21, 22, 23, 30, 33, 46, 47, 56, 57, 60, 61, 76, 83, 90, 94, 99, 104, 6, 10, 11, 19, 34, 37, 38, 42, 49, 55, 58, 67, 70]",0.9
62,"[43, 48, 64, 5, 8, 39, 54, 65, 82, 84, 91, 92, 17, 32, 35, 45, 50, 66, 69, 72, 93, 95, 106, 0, 1, 2, 4, 7, 9, 14, 16, 18, 21, 22, 23, 30, 33, 46, 47, 56, 57, 60, 61, 76, 83, 90, 94, 99, 104, 6, 10, 11, 19, 34, 37, 38, 42, 49, 55, 58, 67, 70, 79]",0.9
63,"[43, 48, 64, 5, 8, 39, 54, 65, 82, 84, 91, 92, 17, 32, 35, 45, 50, 66, 69, 72, 93, 95, 106, 0, 1, 2, 4, 7, 9, 14, 16, 18, 21, 22, 23, 30, 33, 46, 47, 56, 57, 60, 61, 76, 83, 90, 94, 99, 104, 6, 10, 11, 19, 34, 37, 38, 42, 49, 55, 58, 67, 70, 79, 86]",0.9333333333333333
64,"[43, 48, 64, 5, 8, 39, 54, 65, 82, 84, 91, 92, 17, 32, 35, 45, 50, 66, 69, 72, 93, 95, 106, 0, 1, 2, 4, 7, 9, 14, 16, 18, 21, 22, 23, 30, 33, 46, 47, 56, 57, 60, 61, 76, 83, 90, 94, 99, 104, 6, 10, 11, 19, 34, 37, 38, 42, 49, 55, 58, 67, 70, 79, 86, 97]",0.9333333333333333
65,"[43, 48, 64, 5, 8, 39, 54, 65, 82, 84, 91, 92, 17, 32, 35, 45, 50, 66, 69, 72, 93, 95, 106, 0, 1, 2, 4, 7, 9, 14, 16, 18, 21, 22, 23, 30, 33, 46, 47, 56, 57, 60, 61, 76, 83, 90, 94, 99, 104, 6, 10, 11, 19, 34, 37, 38, 42, 49, 55, 58, 67, 70, 79, 86, 97, 12]",0.9333333333333333
66,"[43, 48, 64, 5, 8, 39, 54, 65, 82, 84, 91, 92, 17, 32, 35, 45, 50, 66, 69, 72, 93, 95, 106, 0, 1, 2, 4, 7, 9, 14, 16, 18, 21, 22, 23, 30, 33, 46, 47, 56, 57, 60, 61, 76, 83, 90, 94, 99, 104, 6, 10, 11, 19, 34, 37, 38, 42, 49, 55, 58, 67, 70, 79, 86, 97, 12, 13]",0.9333333333333333
67,"[43, 48, 64, 5, 8, 39, 54, 65, 82, 84, 91, 92, 17, 32, 35, 45, 50, 66, 69, 72, 93, 95, 106, 0, 1, 2, 4, 7, 9, 14, 16, 18, 21, 22, 23, 30, 33, 46, 47, 56, 57, 60, 61, 76, 83, 90, 94, 99, 104, 6, 10, 11, 19, 34, 37, 38, 42, 49, 55, 58, 67, 70, 79, 86, 97, 12, 13, 27]",0.9333333333333333
68,"[43, 48, 64, 5, 8, 39, 54, 65, 82, 84, 91, 92, 17, 32, 35, 45, 50, 66, 69, 72, 93, 95, 106, 0, 1, 2, 4, 7, 9, 14, 16, 18, 21, 22, 23, 30, 33, 46, 47, 56, 57, 60, 61, 76, 83, 90, 94, 99, 104, 6, 10, 11, 19, 34, 37, 38, 42, 49, 55, 58, 67, 70, 79, 86, 97, 12, 13, 27, 28]",0.9333333333333333
69,"[43, 48, 64, 5, 8, 39, 54, 65, 82, 84, 91, 92, 17, 32, 35, 45, 50, 66, 69, 72, 93, 95, 106, 0, 1, 2, 4, 7, 9, 14, 16, 18, 21, 22, 23, 30, 33, 46, 47, 56, 57, 60, 61, 76, 83, 90, 94, 99, 104, 6, 10, 11, 19, 34, 37, 38, 42, 49, 55, 58, 67, 70, 79, 86, 97, 12, 13, 27, 28, 29]",0.9
70,"[43, 48, 64, 5, 8, 39, 54, 65, 82, 84, 91, 92, 17, 32, 35, 45, 50, 66, 69, 72, 93, 95, 106, 0, 1, 2, 4, 7, 9, 14, 16, 18, 21, 22, 23, 30, 33, 46, 47, 56, 57, 60, 61, 76, 83, 90, 94, 99, 104, 6, 10, 11, 19, 34, 37, 38, 42, 49, 55, 58, 67, 70, 79, 86, 97, 12, 13, 27, 28, 29, 36]",0.9
71,"[43, 48, 64, 5, 8, 39, 54, 65, 82, 84, 91, 92, 17, 32, 35, 45, 50, 66, 69, 72, 93, 95, 106, 0, 1, 2, 4, 7, 9, 14, 16, 18, 21, 22, 23, 30, 33, 46, 47, 56, 57, 60, 61, 76, 83, 90, 94, 99, 104, 6, 10, 11, 19, 34, 37, 38, 42, 49, 55, 58, 67, 70, 79, 86, 97, 12, 13, 27, 28, 29, 36, 44]",0.9333333333333333
72,"[43, 48, 64, 5, 8, 39, 54, 65, 82, 84, 91, 92, 17, 32, 35, 45, 50, 66, 69, 72, 93, 95, 106, 0, 1, 2, 4, 7, 9, 14, 16, 18, 21, 22, 23, 30, 33, 46, 47, 56, 57, 60, 61, 76, 83, 90, 94, 99, 104, 6, 10, 11, 19, 34, 37, 38, 42, 49, 55, 58, 67, 70, 79, 86, 97, 12, 13, 27, 28, 29, 36, 44, 51]",0.9333333333333333
73,"[43, 48, 64, 5, 8, 39, 54, 65, 82, 84, 91, 92, 17, 32, 35, 45, 50, 66, 69, 72, 93, 95, 106, 0, 1, 2, 4, 7, 9, 14, 16, 18, 21, 22, 23, 30, 33, 46, 47, 56, 57, 60, 61, 76, 83, 90, 94, 99, 104, 6, 10, 11, 19, 34, 37, 38, 42, 49, 55, 58, 67, 70, 79, 86, 97, 12, 13, 27, 28, 29, 36, 44, 51, 52]",0.9333333333333333
74,"[43, 48, 64, 5, 8, 39, 54, 65, 82, 84, 91, 92, 17, 32, 35, 45, 50, 66, 69, 72, 93, 95, 106, 0, 1, 2, 4, 7, 9, 14, 16, 18, 21, 22, 23, 30, 33, 46, 47, 56, 57, 60, 61, 76, 83, 90, 94, 99, 104, 6, 10, 11, 19, 34, 37, 38, 42, 49, 55, 58, 67, 70, 79, 86, 97, 12, 13, 27, 28, 29, 36, 44, 51, 52, 59]",0.8666666666666667
75,"[43, 48, 64, 5, 8, 39, 54, 65, 82, 84, 91, 92, 17, 32, 35, 45, 50, 66, 69, 72, 93, 95, 106, 0, 1, 2, 4, 7, 9, 14, 16, 18, 21, 22, 23, 30, 33, 46, 47, 56, 57, 60, 61, 76, 83, 90, 94, 99, 104, 6, 10, 11, 19, 34, 37, 38, 42, 49, 55, 58, 67, 70, 79, 86, 97, 12, 13, 27, 28, 29, 36, 44, 51, 52, 59, 71]",0.9333333333333333
76,"[43, 48, 64, 5, 8, 39, 54, 65, 82, 84, 91, 92, 17, 32, 35, 45, 50, 66, 69, 72, 93, 95, 106, 0, 1, 2, 4, 7, 9, 14, 16, 18, 21, 22, 23, 30, 33, 46, 47, 56, 57, 60, 61, 76, 83, 90, 94, 99, 104, 6, 10, 11, 19, 34, 37, 38, 42, 49, 55, 58, 67, 70, 79, 86, 97, 12, 13, 27, 28, 29, 36, 44, 51, 52, 59, 71, 80]",0.9333333333333333
77,"[43, 48, 64, 5, 8, 39, 54, 65, 82, 84, 91, 92, 17, 32, 35, 45, 50, 66, 69, 72, 93, 95, 106, 0, 1, 2, 4, 7, 9, 14, 16, 18, 21, 22, 23, 30, 33, 46, 47, 56, 57, 60, 61, 76, 83, 90, 94, 99, 104, 6, 10, 11, 19, 34, 37, 38, 42, 49, 55, 58, 67, 70, 79, 86, 97, 12, 13, 27, 28, 29, 36, 44, 51, 52, 59, 71, 80, 81]",0.9333333333333333
78,"[43, 48, 64, 5, 8, 39, 54, 65, 82, 84, 91, 92, 17, 32, 35, 45, 50, 66, 69, 72, 93, 95, 106, 0, 1, 2, 4, 7, 9, 14, 16, 18, 21, 22, 23, 30, 33, 46, 47, 56, 57, 60, 61, 76, 83, 90, 94, 99, 104, 6, 10, 11, 19, 34, 37, 38, 42, 49, 55, 58, 67, 70, 79, 86, 97, 12, 13, 27, 28, 29, 36, 44, 51, 52, 59, 71, 80, 81, 85]",0.9333333333333333
79,"[43, 48, 64, 5, 8, 39, 54, 65, 82, 84, 91, 92, 17, 32, 35, 45, 50, 66, 69, 72, 93, 95, 106, 0, 1, 2, 4, 7, 9, 14, 16, 18, 21, 22, 23, 30, 33, 46, 47, 56, 57, 60, 61, 76, 83, 90, 94, 99, 104, 6, 10, 11, 19, 34, 37, 38, 42, 49, 55, 58, 67, 70, 79, 86, 97, 12, 13, 27, 28, 29, 36, 44, 51, 52, 59, 71, 80, 81, 85, 88]",0.9333333333333333
80,"[43, 48, 64, 5, 8, 39, 54, 65, 82, 84, 91, 92, 17, 32, 35, 45, 50, 66, 69, 72, 93, 95, 106, 0, 1, 2, 4, 7, 9, 14, 16, 18, 21, 22, 23, 30, 33, 46, 47, 56, 57, 60, 61, 76, 83, 90, 94, 99, 104, 6, 10, 11, 19, 34, 37, 38, 42, 49, 55, 58, 67, 70, 79, 86, 97, 12, 13, 27, 28, 29, 36, 44, 51, 52, 59, 71, 80, 81, 85, 88, 89]",0.9333333333333333
81,"[43, 48, 64, 5, 8, 39, 54, 65, 82, 84, 91, 92, 17, 32, 35, 45, 50, 66, 69, 72, 93, 95, 106, 0, 1, 2, 4, 7, 9, 14, 16, 18, 21, 22, 23, 30, 33, 46, 47, 56, 57, 60, 61, 76, 83, 90, 94, 99, 104, 6, 10, 11, 19, 34, 37, 38, 42, 49, 55, 58, 67, 70, 79, 86, 97, 12, 13, 27, 28, 29, 36, 44, 51, 52, 59, 71, 80, 81, 85, 88, 89, 96]",0.9666666666666667
82,"[43, 48, 64, 5, 8, 39, 54, 65, 82, 84, 91, 92, 17, 32, 35, 45, 50, 66, 69, 72, 93, 95, 106, 0, 1, 2, 4, 7, 9, 14, 16, 18, 21, 22, 23, 30, 33, 46, 47, 56, 57, 60, 61, 76, 83, 90, 94, 99, 104, 6, 10, 11, 19, 34, 37, 38, 42, 49, 55, 58, 67, 70, 79, 86, 97, 12, 13, 27, 28, 29, 36, 44, 51, 52, 59, 71, 80, 81, 85, 88, 89, 96, 100]",0.9
83,"[43, 48, 64, 5, 8, 39, 54, 65, 82, 84, 91, 92, 17, 32, 35, 45, 50, 66, 69, 72, 93, 95, 106, 0, 1, 2, 4, 7, 9, 14, 16, 18, 21, 22, 23, 30, 33, 46, 47, 56, 57, 60, 61, 76, 83, 90, 94, 99, 104, 6, 10, 11, 19, 34, 37, 38, 42, 49, 55, 58, 67, 70, 79, 86, 97, 12, 13, 27, 28, 29, 36, 44, 51, 52, 59, 71, 80, 81, 85, 88, 89, 96, 100, 101]",0.9333333333333333
84,"[43, 48, 64, 5, 8, 39, 54, 65, 82, 84, 91, 92, 17, 32, 35, 45, 50, 66, 69, 72, 93, 95, 106, 0, 1, 2, 4, 7, 9, 14, 16, 18, 21, 22, 23, 30, 33, 46, 47, 56, 57, 60, 61, 76, 83, 90, 94, 99, 104, 6, 10, 11, 19, 34, 37, 38, 42, 49, 55, 58, 67, 70, 79, 86, 97, 12, 13, 27, 28, 29, 36, 44, 51, 52, 59, 71, 80, 81, 85, 88, 89, 96, 100, 101, 103]",0.9
85,"[43, 48, 64, 5, 8, 39, 54, 65, 82, 84, 91, 92, 17, 32, 35, 45, 50, 66, 69, 72, 93, 95, 106, 0, 1, 2, 4, 7, 9, 14, 16, 18, 21, 22, 23, 30, 33, 46, 47, 56, 57, 60, 61, 76, 83, 90, 94, 99, 104, 6, 10, 11, 19, 34, 37, 38, 42, 49, 55, 58, 67, 70, 79, 86, 97, 12, 13, 27, 28, 29, 36, 44, 51, 52, 59, 71, 80, 81, 85, 88, 89, 96, 100, 101, 103, 105]",0.9333333333333333
86,"[43, 48, 64, 5, 8, 39, 54, 65, 82, 84, 91, 92, 17, 32, 35, 45, 50, 66, 69, 72, 93, 95, 106, 0, 1, 2, 4, 7, 9, 14, 16, 18, 21, 22, 23, 30, 33, 46, 47, 56, 57, 60, 61, 76, 83, 90, 94, 99, 104, 6, 10, 11, 19, 34, 37, 38, 42, 49, 55, 58, 67, 70, 79, 86, 97, 12, 13, 27, 28, 29, 36, 44, 51, 52, 59, 71, 80, 81, 85, 88, 89, 96, 100, 101, 103, 105, 24]",0.9333333333333333
87,"[43, 48, 64, 5, 8, 39, 54, 65, 82, 84, 91, 92, 17, 32, 35, 45, 50, 66, 69, 72, 93, 95, 106, 0, 1, 2, 4, 7, 9, 14, 16, 18, 21, 22, 23, 30, 33, 46, 47, 56, 57, 60, 61, 76, 83, 90, 94, 99, 104, 6, 10, 11, 19, 34, 37, 38, 42, 49, 55, 58, 67, 70, 79, 86, 97, 12, 13, 27, 28, 29, 36, 44, 51, 52, 59, 71, 80, 81, 85, 88, 89, 96, 100, 101, 103, 105, 24, 25]",0.9333333333333333
88,"[43, 48, 64, 5, 8, 39, 54, 65, 82, 84, 91, 92, 17, 32, 35, 45, 50, 66, 69, 72, 93, 95, 106, 0, 1, 2, 4, 7, 9, 14, 16, 18, 21, 22, 23, 30, 33, 46, 47, 56, 57, 60, 61, 76, 83, 90, 94, 99, 104, 6, 10, 11, 19, 34, 37, 38, 42, 49, 55, 58, 67, 70, 79, 86, 97, 12, 13, 27, 28, 29, 36, 44, 51, 52, 59, 71, 80, 81, 85, 88, 89, 96, 100, 101, 103, 105, 24, 25, 26]",0.9333333333333333
89,"[43, 48, 64, 5, 8, 39, 54, 65, 82, 84, 91, 92, 17, 32, 35, 45, 50, 66, 69, 72, 93, 95, 106, 0, 1, 2, 4, 7, 9, 14, 16, 18, 21, 22, 23, 30, 33, 46, 47, 56, 57, 60, 61, 76, 83, 90, 94, 99, 104, 6, 10, 11, 19, 34, 37, 38, 42, 49, 55, 58, 67, 70, 79, 86, 97, 12, 13, 27, 28, 29, 36, 44, 51, 52, 59, 71, 80, 81, 85, 88, 89, 96, 100, 101, 103, 105, 24, 25, 26, 40]",0.9333333333333333
90,"[43, 48, 64, 5, 8, 39, 54, 65, 82, 84, 91, 92, 17, 32, 35, 45, 50, 66, 69, 72, 93, 95, 106, 0, 1, 2, 4, 7, 9, 14, 16, 18, 21, 22, 23, 30, 33, 46, 47, 56, 57, 60, 61, 76, 83, 90, 94, 99, 104, 6, 10, 11, 19, 34, 37, 38, 42, 49, 55, 58, 67, 70, 79, 86, 97, 12, 13, 27, 28, 29, 36, 44, 51, 52, 59, 71, 80, 81, 85, 88, 89, 96, 100, 101, 103, 105, 24, 25, 26, 40, 62]",0.9666666666666667
91,"[43, 48, 64, 5, 8, 39, 54, 65, 82, 84, 91, 92, 17, 32, 35, 45, 50, 66, 69, 72, 93, 95, 106, 0, 1, 2, 4, 7, 9, 14, 16, 18, 21, 22, 23, 30, 33, 46, 47, 56, 57, 60, 61, 76, 83, 90, 94, 99, 104, 6, 10, 11, 19, 34, 37, 38, 42, 49, 55, 58, 67, 70, 79, 86, 97, 12, 13, 27, 28, 29, 36, 44, 51, 52, 59, 71, 80, 81, 85, 88, 89, 96, 100, 101, 103, 105, 24, 25, 26, 40, 62, 68]",0.9
92,"[43, 48, 64, 5, 8, 39, 54, 65, 82, 84, 91, 92, 17, 32, 35, 45, 50, 66, 69, 72, 93, 95, 106, 0, 1, 2, 4, 7, 9, 14, 16, 18, 21, 22, 23, 30, 33, 46, 47, 56, 57, 60, 61, 76, 83, 90, 94, 99, 104, 6, 10, 11, 19, 34, 37, 38, 42, 49, 55, 58, 67, 70, 79, 86, 97, 12, 13, 27, 28, 29, 36, 44, 51, 52, 59, 71, 80, 81, 85, 88, 89, 96, 100, 101, 103, 105, 24, 25, 26, 40, 62, 68, 78]",0.9333333333333333
93,"[43, 48, 64, 5, 8, 39, 54, 65, 82, 84, 91, 92, 17, 32, 35, 45, 50, 66, 69, 72, 93, 95, 106, 0, 1, 2, 4, 7, 9, 14, 16, 18, 21, 22, 23, 30, 33, 46, 47, 56, 57, 60, 61, 76, 83, 90, 94, 99, 104, 6, 10, 11, 19, 34, 37, 38, 42, 49, 55, 58, 67, 70, 79, 86, 97, 12, 13, 27, 28, 29, 36, 44, 51, 52, 59, 71, 80, 81, 85, 88, 89, 96, 100, 101, 103, 105, 24, 25, 26, 40, 62, 68, 78, 15]",0.9333333333333333
94,"[43, 48, 64, 5, 8, 39, 54, 65, 82, 84, 91, 92, 17, 32, 35, 45, 50, 66, 69, 72, 93, 95, 106, 0, 1, 2, 4, 7, 9, 14, 16, 18, 21, 22, 23, 30, 33, 46, 47, 56, 57, 60, 61, 76, 83, 90, 94, 99, 104, 6, 10, 11, 19, 34, 37, 38, 42, 49, 55, 58, 67, 70, 79, 86, 97, 12, 13, 27, 28, 29, 36, 44, 51, 52, 59, 71, 80, 81, 85, 88, 89, 96, 100, 101, 103, 105, 24, 25, 26, 40, 62, 68, 78, 15, 20]",0.9666666666666667
95,"[43, 48, 64, 5, 8, 39, 54, 65, 82, 84, 91, 92, 17, 32, 35, 45, 50, 66, 69, 72, 93, 95, 106, 0, 1, 2, 4, 7, 9, 14, 16, 18, 21, 22, 23, 30, 33, 46, 47, 56, 57, 60, 61, 76, 83, 90, 94, 99, 104, 6, 10, 11, 19, 34, 37, 38, 42, 49, 55, 58, 67, 70, 79, 86, 97, 12, 13, 27, 28, 29, 36, 44, 51, 52, 59, 71, 80, 81, 85, 88, 89, 96, 100, 101, 103, 105, 24, 25, 26, 40, 62, 68, 78, 15, 20, 41]",0.9666666666666667
96,"[43, 48, 64, 5, 8, 39, 54, 65, 82, 84, 91, 92, 17, 32, 35, 45, 50, 66, 69, 72, 93, 95, 106, 0, 1, 2, 4, 7, 9, 14, 16, 18, 21, 22, 23, 30, 33, 46, 47, 56, 57, 60, 61, 76, 83, 90, 94, 99, 104, 6, 10, 11, 19, 34, 37, 38, 42, 49, 55, 58, 67, 70, 79, 86, 97, 12, 13, 27, 28, 29, 36, 44, 51, 52, 59, 71, 80, 81, 85, 88, 89, 96, 100, 101, 103, 105, 24, 25, 26, 40, 62, 68, 78, 15, 20, 41, 53]",0.9333333333333333
97,"[43, 48, 64, 5, 8, 39, 54, 65, 82, 84, 91, 92, 17, 32, 35, 45, 50, 66, 69, 72, 93, 95, 106, 0, 1, 2, 4, 7, 9, 14, 16, 18, 21, 22, 23, 30, 33, 46, 47, 56, 57, 60, 61, 76, 83, 90, 94, 99, 104, 6, 10, 11, 19, 34, 37, 38, 42, 49, 55, 58, 67, 70, 79, 86, 97, 12, 13, 27, 28, 29, 36, 44, 51, 52, 59, 71, 80, 81, 85, 88, 89, 96, 100, 101, 103, 105, 24, 25, 26, 40, 62, 68, 78, 15, 20, 41, 53, 63]",0.9333333333333333
98,"[43, 48, 64, 5, 8, 39, 54, 65, 82, 84, 91, 92, 17, 32, 35, 45, 50, 66, 69, 72, 93, 95, 106, 0, 1, 2, 4, 7, 9, 14, 16, 18, 21, 22, 23, 30, 33, 46, 47, 56, 57, 60, 61, 76, 83, 90, 94, 99, 104, 6, 10, 11, 19, 34, 37, 38, 42, 49, 55, 58, 67, 70, 79, 86, 97, 12, 13, 27, 28, 29, 36, 44, 51, 52, 59, 71, 80, 81, 85, 88, 89, 96, 100, 101, 103, 105, 24, 25, 26, 40, 62, 68, 78, 15, 20, 41, 53, 63, 73]",0.9333333333333333
99,"[43, 48, 64, 5, 8, 39, 54, 65, 82, 84, 91, 92, 17, 32, 35, 45, 50, 66, 69, 72, 93, 95, 106, 0, 1, 2, 4, 7, 9, 14, 16, 18, 21, 22, 23, 30, 33, 46, 47, 56, 57, 60, 61, 76, 83, 90, 94, 99, 104, 6, 10, 11, 19, 34, 37, 38, 42, 49, 55, 58, 67, 70, 79, 86, 97, 12, 13, 27, 28, 29, 36, 44, 51, 52, 59, 71, 80, 81, 85, 88, 89, 96, 100, 101, 103, 105, 24, 25, 26, 40, 62, 68, 78, 15, 20, 41, 53, 63, 73, 74]",0.9666666666666667
100,"[43, 48, 64, 5, 8, 39, 54, 65, 82, 84, 91, 92, 17, 32, 35, 45, 50, 66, 69, 72, 93, 95, 106, 0, 1, 2, 4, 7, 9, 14, 16, 18, 21, 22, 23, 30, 33, 46, 47, 56, 57, 60, 61, 76, 83, 90, 94, 99, 104, 6, 10, 11, 19, 34, 37, 38, 42, 49, 55, 58, 67, 70, 79, 86, 97, 12, 13, 27, 28, 29, 36, 44, 51, 52, 59, 71, 80, 81, 85, 88, 89, 96, 100, 101, 103, 105, 24, 25, 26, 40, 62, 68, 78, 15, 20, 41, 53, 63, 73, 74, 75]",0.9333333333333333
101,"[43, 48, 64, 5, 8, 39, 54, 65, 82, 84, 91, 92, 17, 32, 35, 45, 50, 66, 69, 72, 93, 95, 106, 0, 1, 2, 4, 7, 9, 14, 16, 18, 21, 22, 23, 30, 33, 46, 47, 56, 57, 60, 61, 76, 83, 90, 94, 99, 104, 6, 10, 11, 19, 34, 37, 38, 42, 49, 55, 58, 67, 70, 79, 86, 97, 12, 13, 27, 28, 29, 36, 44, 51, 52, 59, 71, 80, 81, 85, 88, 89, 96, 100, 101, 103, 105, 24, 25, 26, 40, 62, 68, 78, 15, 20, 41, 53, 63, 73, 74, 75, 3]",0.9333333333333333
102,"[43, 48, 64, 5, 8, 39, 54, 65, 82, 84, 91, 92, 17, 32, 35, 45, 50, 66, 69, 72, 93, 95, 106, 0, 1, 2, 4, 7, 9, 14, 16, 18, 21, 22, 23, 30, 33, 46, 47, 56, 57, 60, 61, 76, 83, 90, 94, 99, 104, 6, 10, 11, 19, 34, 37, 38, 42, 49, 55, 58, 67, 70, 79, 86, 97, 12, 13, 27, 28, 29, 36, 44, 51, 52, 59, 71, 80, 81, 85, 88, 89, 96, 100, 101, 103, 105, 24, 25, 26, 40, 62, 68, 78, 15, 20, 41, 53, 63, 73, 74, 75, 3, 31]",0.9333333333333333
103,"[43, 48, 64, 5, 8, 39, 54, 65, 82, 84, 91, 92, 17, 32, 35, 45, 50, 66, 69, 72, 93, 95, 106, 0, 1, 2, 4, 7, 9, 14, 16, 18, 21, 22, 23, 30, 33, 46, 47, 56, 57, 60, 61, 76, 83, 90, 94, 99, 104, 6, 10, 11, 19, 34, 37, 38, 42, 49, 55, 58, 67, 70, 79, 86, 97, 12, 13, 27, 28, 29, 36, 44, 51, 52, 59, 71, 80, 81, 85, 88, 89, 96, 100, 101, 103, 105, 24, 25, 26, 40, 62, 68, 78, 15, 20, 41, 53, 63, 73, 74, 75, 3, 31, 107]",0.9333333333333333
104,"[43, 48, 64, 5, 8, 39, 54, 65, 82, 84, 91, 92, 17, 32, 35, 45, 50, 66, 69, 72, 93, 95, 106, 0, 1, 2, 4, 7, 9, 14, 16, 18, 21, 22, 23, 30, 33, 46, 47, 56, 57, 60, 61, 76, 83, 90, 94, 99, 104, 6, 10, 11, 19, 34, 37, 38, 42, 49, 55, 58, 67, 70, 79, 86, 97, 12, 13, 27, 28, 29, 36, 44, 51, 52, 59, 71, 80, 81, 85, 88, 89, 96, 100, 101, 103, 105, 24, 25, 26, 40, 62, 68, 78, 15, 20, 41, 53, 63, 73, 74, 75, 3, 31, 107, 77]",0.8666666666666667
105,"[43, 48, 64, 5, 8, 39, 54, 65, 82, 84, 91, 92, 17, 32, 35, 45, 50, 66, 69, 72, 93, 95, 106, 0, 1, 2, 4, 7, 9, 14, 16, 18, 21, 22, 23, 30, 33, 46, 47, 56, 57, 60, 61, 76, 83, 90, 94, 99, 104, 6, 10, 11, 19, 34, 37, 38, 42, 49, 55, 58, 67, 70, 79, 86, 97, 12, 13, 27, 28, 29, 36, 44, 51, 52, 59, 71, 80, 81, 85, 88, 89, 96, 100, 101, 103, 105, 24, 25, 26, 40, 62, 68, 78, 15, 20, 41, 53, 63, 73, 74, 75, 3, 31, 107, 77, 87]",0.9
106,"[43, 48, 64, 5, 8, 39, 54, 65, 82, 84, 91, 92, 17, 32, 35, 45, 50, 66, 69, 72, 93, 95, 106, 0, 1, 2, 4, 7, 9, 14, 16, 18, 21, 22, 23, 30, 33, 46, 47, 56, 57, 60, 61, 76, 83, 90, 94, 99, 104, 6, 10, 11, 19, 34, 37, 38, 42, 49, 55, 58, 67, 70, 79, 86, 97, 12, 13, 27, 28, 29, 36, 44, 51, 52, 59, 71, 80, 81, 85, 88, 89, 96, 100, 101, 103, 105, 24, 25, 26, 40, 62, 68, 78, 15, 20, 41, 53, 63, 73, 74, 75, 3, 31, 107, 77, 87, 98]",0.9333333333333333
107,"[43, 48, 64, 5, 8, 39, 54, 65, 82, 84, 91, 92, 17, 32, 35, 45, 50, 66, 69, 72, 93, 95, 106, 0, 1, 2, 4, 7, 9, 14, 16, 18, 21, 22, 23, 30, 33, 46, 47, 56, 57, 60, 61, 76, 83, 90, 94, 99, 104, 6, 10, 11, 19, 34, 37, 38, 42, 49, 55, 58, 67, 70, 79, 86, 97, 12, 13, 27, 28, 29, 36, 44, 51, 52, 59, 71, 80, 81, 85, 88, 89, 96, 100, 101, 103, 105, 24, 25, 26, 40, 62, 68, 78, 15, 20, 41, 53, 63, 73, 74, 75, 3, 31, 107, 77, 87, 98, 102]",0.9
