,Comb,ACC,Sn,Sp,AUC
0,[43],0.87+-0.07,0.5+-0.25,0.93+-0.07,0.73+-0.15
1,"[43, 48]",0.9+-0.04,0.51+-0.3,0.96+-0.04,0.82+-0.16
2,"[43, 48, 64]",0.89+-0.05,0.45+-0.33,0.97+-0.04,0.81+-0.18
3,"[43, 48, 64, 5]",0.88+-0.06,0.49+-0.28,0.95+-0.05,0.89+-0.08
4,"[43, 48, 64, 5, 8]",0.89+-0.05,0.42+-0.27,0.96+-0.05,0.87+-0.1
5,"[43, 48, 64, 5, 8, 39]",0.88+-0.05,0.33+-0.23,0.97+-0.05,0.86+-0.15
6,"[43, 48, 64, 5, 8, 39, 54]",0.88+-0.03,0.32+-0.24,0.97+-0.03,0.88+-0.09
7,"[43, 48, 64, 5, 8, 39, 54, 65]",0.88+-0.05,0.35+-0.31,0.97+-0.03,0.85+-0.12
8,"[43, 48, 64, 5, 8, 39, 54, 65, 82]",0.89+-0.06,0.41+-0.32,0.97+-0.04,0.86+-0.12
9,"[43, 48, 64, 5, 8, 39, 54, 65, 82, 84]",0.88+-0.05,0.37+-0.21,0.96+-0.05,0.93+-0.07
10,"[43, 48, 64, 5, 8, 39, 54, 65, 82, 84, 91]",0.87+-0.08,0.3+-0.24,0.96+-0.08,0.9+-0.09
11,"[43, 48, 64, 5, 8, 39, 54, 65, 82, 84, 91, 92]",0.88+-0.05,0.3+-0.31,0.97+-0.04,0.91+-0.08
12,"[43, 48, 64, 5, 8, 39, 54, 65, 82, 84, 91, 92, 17]",0.88+-0.04,0.26+-0.29,0.98+-0.03,0.91+-0.08
13,"[43, 48, 64, 5, 8, 39, 54, 65, 82, 84, 91, 92, 17, 32]",0.87+-0.05,0.26+-0.34,0.97+-0.03,0.93+-0.08
14,"[43, 48, 64, 5, 8, 39, 54, 65, 82, 84, 91, 92, 17, 32, 35]",0.88+-0.04,0.29+-0.29,0.98+-0.04,0.9+-0.08
15,"[43, 48, 64, 5, 8, 39, 54, 65, 82, 84, 91, 92, 17, 32, 35, 45]",0.87+-0.05,0.27+-0.26,0.97+-0.05,0.9+-0.08
16,"[43, 48, 64, 5, 8, 39, 54, 65, 82, 84, 91, 92, 17, 32, 35, 45, 50]",0.87+-0.03,0.25+-0.24,0.97+-0.04,0.91+-0.08
17,"[43, 48, 64, 5, 8, 39, 54, 65, 82, 84, 91, 92, 17, 32, 35, 45, 50, 66]",0.88+-0.06,0.29+-0.27,0.97+-0.05,0.91+-0.08
18,"[43, 48, 64, 5, 8, 39, 54, 65, 82, 84, 91, 92, 17, 32, 35, 45, 50, 66, 69]",0.87+-0.05,0.27+-0.26,0.98+-0.03,0.91+-0.09
19,"[43, 48, 64, 5, 8, 39, 54, 65, 82, 84, 91, 92, 17, 32, 35, 45, 50, 66, 69, 72]",0.88+-0.05,0.25+-0.28,0.98+-0.03,0.91+-0.09
20,"[43, 48, 64, 5, 8, 39, 54, 65, 82, 84, 91, 92, 17, 32, 35, 45, 50, 66, 69, 72, 93]",0.87+-0.04,0.2+-0.23,0.98+-0.03,0.89+-0.11
21,"[43, 48, 64, 5, 8, 39, 54, 65, 82, 84, 91, 92, 17, 32, 35, 45, 50, 66, 69, 72, 93, 95]",0.89+-0.05,0.32+-0.28,0.98+-0.03,0.91+-0.09
22,"[43, 48, 64, 5, 8, 39, 54, 65, 82, 84, 91, 92, 17, 32, 35, 45, 50, 66, 69, 72, 93, 95, 106]",0.87+-0.04,0.2+-0.25,0.97+-0.03,0.9+-0.08
23,"[43, 48, 64, 5, 8, 39, 54, 65, 82, 84, 91, 92, 17, 32, 35, 45, 50, 66, 69, 72, 93, 95, 106, 0]",0.88+-0.04,0.23+-0.23,0.98+-0.03,0.89+-0.11
24,"[43, 48, 64, 5, 8, 39, 54, 65, 82, 84, 91, 92, 17, 32, 35, 45, 50, 66, 69, 72, 93, 95, 106, 0, 1]",0.88+-0.04,0.27+-0.26,0.98+-0.04,0.91+-0.08
25,"[43, 48, 64, 5, 8, 39, 54, 65, 82, 84, 91, 92, 17, 32, 35, 45, 50, 66, 69, 72, 93, 95, 106, 0, 1, 2]",0.88+-0.04,0.21+-0.22,0.99+-0.02,0.93+-0.05
26,"[43, 48, 64, 5, 8, 39, 54, 65, 82, 84, 91, 92, 17, 32, 35, 45, 50, 66, 69, 72, 93, 95, 106, 0, 1, 2, 4]",0.89+-0.04,0.29+-0.23,0.98+-0.03,0.9+-0.08
27,"[43, 48, 64, 5, 8, 39, 54, 65, 82, 84, 91, 92, 17, 32, 35, 45, 50, 66, 69, 72, 93, 95, 106, 0, 1, 2, 4, 7]",0.88+-0.05,0.29+-0.25,0.98+-0.04,0.9+-0.1
28,"[43, 48, 64, 5, 8, 39, 54, 65, 82, 84, 91, 92, 17, 32, 35, 45, 50, 66, 69, 72, 93, 95, 106, 0, 1, 2, 4, 7, 9]",0.88+-0.05,0.27+-0.25,0.98+-0.03,0.87+-0.15
29,"[43, 48, 64, 5, 8, 39, 54, 65, 82, 84, 91, 92, 17, 32, 35, 45, 50, 66, 69, 72, 93, 95, 106, 0, 1, 2, 4, 7, 9, 14]",0.89+-0.04,0.32+-0.24,0.98+-0.03,0.87+-0.11
30,"[43, 48, 64, 5, 8, 39, 54, 65, 82, 84, 91, 92, 17, 32, 35, 45, 50, 66, 69, 72, 93, 95, 106, 0, 1, 2, 4, 7, 9, 14, 16]",0.87+-0.05,0.25+-0.27,0.98+-0.04,0.88+-0.11
31,"[43, 48, 64, 5, 8, 39, 54, 65, 82, 84, 91, 92, 17, 32, 35, 45, 50, 66, 69, 72, 93, 95, 106, 0, 1, 2, 4, 7, 9, 14, 16, 18]",0.87+-0.03,0.23+-0.23,0.98+-0.03,0.89+-0.1
32,"[43, 48, 64, 5, 8, 39, 54, 65, 82, 84, 91, 92, 17, 32, 35, 45, 50, 66, 69, 72, 93, 95, 106, 0, 1, 2, 4, 7, 9, 14, 16, 18, 21]",0.89+-0.04,0.31+-0.23,0.99+-0.03,0.9+-0.1
33,"[43, 48, 64, 5, 8, 39, 54, 65, 82, 84, 91, 92, 17, 32, 35, 45, 50, 66, 69, 72, 93, 95, 106, 0, 1, 2, 4, 7, 9, 14, 16, 18, 21, 22]",0.87+-0.05,0.22+-0.24,0.98+-0.03,0.9+-0.12
34,"[43, 48, 64, 5, 8, 39, 54, 65, 82, 84, 91, 92, 17, 32, 35, 45, 50, 66, 69, 72, 93, 95, 106, 0, 1, 2, 4, 7, 9, 14, 16, 18, 21, 22, 23]",0.88+-0.05,0.26+-0.25,0.98+-0.03,0.9+-0.1
35,"[43, 48, 64, 5, 8, 39, 54, 65, 82, 84, 91, 92, 17, 32, 35, 45, 50, 66, 69, 72, 93, 95, 106, 0, 1, 2, 4, 7, 9, 14, 16, 18, 21, 22, 23, 30]",0.88+-0.05,0.25+-0.22,0.98+-0.03,0.89+-0.11
36,"[43, 48, 64, 5, 8, 39, 54, 65, 82, 84, 91, 92, 17, 32, 35, 45, 50, 66, 69, 72, 93, 95, 106, 0, 1, 2, 4, 7, 9, 14, 16, 18, 21, 22, 23, 30, 33]",0.89+-0.04,0.32+-0.26,0.99+-0.03,0.9+-0.13
37,"[43, 48, 64, 5, 8, 39, 54, 65, 82, 84, 91, 92, 17, 32, 35, 45, 50, 66, 69, 72, 93, 95, 106, 0, 1, 2, 4, 7, 9, 14, 16, 18, 21, 22, 23, 30, 33, 46]",0.89+-0.04,0.3+-0.24,0.99+-0.02,0.88+-0.12
38,"[43, 48, 64, 5, 8, 39, 54, 65, 82, 84, 91, 92, 17, 32, 35, 45, 50, 66, 69, 72, 93, 95, 106, 0, 1, 2, 4, 7, 9, 14, 16, 18, 21, 22, 23, 30, 33, 46, 47]",0.89+-0.05,0.36+-0.31,0.98+-0.03,0.89+-0.12
39,"[43, 48, 64, 5, 8, 39, 54, 65, 82, 84, 91, 92, 17, 32, 35, 45, 50, 66, 69, 72, 93, 95, 106, 0, 1, 2, 4, 7, 9, 14, 16, 18, 21, 22, 23, 30, 33, 46, 47, 56]",0.89+-0.05,0.27+-0.33,0.99+-0.02,0.88+-0.11
40,"[43, 48, 64, 5, 8, 39, 54, 65, 82, 84, 91, 92, 17, 32, 35, 45, 50, 66, 69, 72, 93, 95, 106, 0, 1, 2, 4, 7, 9, 14, 16, 18, 21, 22, 23, 30, 33, 46, 47, 56, 57]",0.88+-0.06,0.29+-0.29,0.98+-0.05,0.88+-0.15
41,"[43, 48, 64, 5, 8, 39, 54, 65, 82, 84, 91, 92, 17, 32, 35, 45, 50, 66, 69, 72, 93, 95, 106, 0, 1, 2, 4, 7, 9, 14, 16, 18, 21, 22, 23, 30, 33, 46, 47, 56, 57, 60]",0.88+-0.04,0.25+-0.23,0.98+-0.03,0.86+-0.11
42,"[43, 48, 64, 5, 8, 39, 54, 65, 82, 84, 91, 92, 17, 32, 35, 45, 50, 66, 69, 72, 93, 95, 106, 0, 1, 2, 4, 7, 9, 14, 16, 18, 21, 22, 23, 30, 33, 46, 47, 56, 57, 60, 61]",0.87+-0.04,0.21+-0.22,0.98+-0.03,0.88+-0.15
43,"[43, 48, 64, 5, 8, 39, 54, 65, 82, 84, 91, 92, 17, 32, 35, 45, 50, 66, 69, 72, 93, 95, 106, 0, 1, 2, 4, 7, 9, 14, 16, 18, 21, 22, 23, 30, 33, 46, 47, 56, 57, 60, 61, 76]",0.9+-0.04,0.3+-0.28,0.99+-0.02,0.87+-0.13
44,"[43, 48, 64, 5, 8, 39, 54, 65, 82, 84, 91, 92, 17, 32, 35, 45, 50, 66, 69, 72, 93, 95, 106, 0, 1, 2, 4, 7, 9, 14, 16, 18, 21, 22, 23, 30, 33, 46, 47, 56, 57, 60, 61, 76, 83]",0.89+-0.04,0.25+-0.22,0.99+-0.03,0.87+-0.11
45,"[43, 48, 64, 5, 8, 39, 54, 65, 82, 84, 91, 92, 17, 32, 35, 45, 50, 66, 69, 72, 93, 95, 106, 0, 1, 2, 4, 7, 9, 14, 16, 18, 21, 22, 23, 30, 33, 46, 47, 56, 57, 60, 61, 76, 83, 90]",0.89+-0.04,0.29+-0.3,0.99+-0.02,0.9+-0.12
46,"[43, 48, 64, 5, 8, 39, 54, 65, 82, 84, 91, 92, 17, 32, 35, 45, 50, 66, 69, 72, 93, 95, 106, 0, 1, 2, 4, 7, 9, 14, 16, 18, 21, 22, 23, 30, 33, 46, 47, 56, 57, 60, 61, 76, 83, 90, 94]",0.9+-0.05,0.29+-0.26,1.0+-0.01,0.88+-0.12
47,"[43, 48, 64, 5, 8, 39, 54, 65, 82, 84, 91, 92, 17, 32, 35, 45, 50, 66, 69, 72, 93, 95, 106, 0, 1, 2, 4, 7, 9, 14, 16, 18, 21, 22, 23, 30, 33, 46, 47, 56, 57, 60, 61, 76, 83, 90, 94, 99]",0.89+-0.04,0.27+-0.24,0.99+-0.03,0.84+-0.16
48,"[43, 48, 64, 5, 8, 39, 54, 65, 82, 84, 91, 92, 17, 32, 35, 45, 50, 66, 69, 72, 93, 95, 106, 0, 1, 2, 4, 7, 9, 14, 16, 18, 21, 22, 23, 30, 33, 46, 47, 56, 57, 60, 61, 76, 83, 90, 94, 99, 104]",0.89+-0.04,0.22+-0.31,1.0+-0.02,0.86+-0.13
49,"[43, 48, 64, 5, 8, 39, 54, 65, 82, 84, 91, 92, 17, 32, 35, 45, 50, 66, 69, 72, 93, 95, 106, 0, 1, 2, 4, 7, 9, 14, 16, 18, 21, 22, 23, 30, 33, 46, 47, 56, 57, 60, 61, 76, 83, 90, 94, 99, 104, 6]",0.9+-0.04,0.33+-0.28,0.99+-0.02,0.9+-0.1
50,"[43, 48, 64, 5, 8, 39, 54, 65, 82, 84, 91, 92, 17, 32, 35, 45, 50, 66, 69, 72, 93, 95, 106, 0, 1, 2, 4, 7, 9, 14, 16, 18, 21, 22, 23, 30, 33, 46, 47, 56, 57, 60, 61, 76, 83, 90, 94, 99, 104, 6, 10]",0.89+-0.04,0.27+-0.24,0.99+-0.04,0.87+-0.11
51,"[43, 48, 64, 5, 8, 39, 54, 65, 82, 84, 91, 92, 17, 32, 35, 45, 50, 66, 69, 72, 93, 95, 106, 0, 1, 2, 4, 7, 9, 14, 16, 18, 21, 22, 23, 30, 33, 46, 47, 56, 57, 60, 61, 76, 83, 90, 94, 99, 104, 6, 10, 11]",0.89+-0.04,0.28+-0.26,0.99+-0.02,0.88+-0.12
52,"[43, 48, 64, 5, 8, 39, 54, 65, 82, 84, 91, 92, 17, 32, 35, 45, 50, 66, 69, 72, 93, 95, 106, 0, 1, 2, 4, 7, 9, 14, 16, 18, 21, 22, 23, 30, 33, 46, 47, 56, 57, 60, 61, 76, 83, 90, 94, 99, 104, 6, 10, 11, 19]",0.88+-0.03,0.17+-0.2,0.99+-0.03,0.88+-0.09
53,"[43, 48, 64, 5, 8, 39, 54, 65, 82, 84, 91, 92, 17, 32, 35, 45, 50, 66, 69, 72, 93, 95, 106, 0, 1, 2, 4, 7, 9, 14, 16, 18, 21, 22, 23, 30, 33, 46, 47, 56, 57, 60, 61, 76, 83, 90, 94, 99, 104, 6, 10, 11, 19, 34]",0.88+-0.04,0.21+-0.25,0.99+-0.03,0.86+-0.14
54,"[43, 48, 64, 5, 8, 39, 54, 65, 82, 84, 91, 92, 17, 32, 35, 45, 50, 66, 69, 72, 93, 95, 106, 0, 1, 2, 4, 7, 9, 14, 16, 18, 21, 22, 23, 30, 33, 46, 47, 56, 57, 60, 61, 76, 83, 90, 94, 99, 104, 6, 10, 11, 19, 34, 37]",0.88+-0.04,0.24+-0.22,0.99+-0.02,0.88+-0.14
55,"[43, 48, 64, 5, 8, 39, 54, 65, 82, 84, 91, 92, 17, 32, 35, 45, 50, 66, 69, 72, 93, 95, 106, 0, 1, 2, 4, 7, 9, 14, 16, 18, 21, 22, 23, 30, 33, 46, 47, 56, 57, 60, 61, 76, 83, 90, 94, 99, 104, 6, 10, 11, 19, 34, 37, 38]",0.88+-0.04,0.2+-0.21,0.99+-0.03,0.86+-0.11
56,"[43, 48, 64, 5, 8, 39, 54, 65, 82, 84, 91, 92, 17, 32, 35, 45, 50, 66, 69, 72, 93, 95, 106, 0, 1, 2, 4, 7, 9, 14, 16, 18, 21, 22, 23, 30, 33, 46, 47, 56, 57, 60, 61, 76, 83, 90, 94, 99, 104, 6, 10, 11, 19, 34, 37, 38, 42]",0.9+-0.03,0.3+-0.26,0.99+-0.02,0.88+-0.13
57,"[43, 48, 64, 5, 8, 39, 54, 65, 82, 84, 91, 92, 17, 32, 35, 45, 50, 66, 69, 72, 93, 95, 106, 0, 1, 2, 4, 7, 9, 14, 16, 18, 21, 22, 23, 30, 33, 46, 47, 56, 57, 60, 61, 76, 83, 90, 94, 99, 104, 6, 10, 11, 19, 34, 37, 38, 42, 49]",0.88+-0.03,0.18+-0.22,0.99+-0.02,0.86+-0.15
58,"[43, 48, 64, 5, 8, 39, 54, 65, 82, 84, 91, 92, 17, 32, 35, 45, 50, 66, 69, 72, 93, 95, 106, 0, 1, 2, 4, 7, 9, 14, 16, 18, 21, 22, 23, 30, 33, 46, 47, 56, 57, 60, 61, 76, 83, 90, 94, 99, 104, 6, 10, 11, 19, 34, 37, 38, 42, 49, 55]",0.89+-0.05,0.28+-0.3,0.99+-0.03,0.85+-0.12
59,"[43, 48, 64, 5, 8, 39, 54, 65, 82, 84, 91, 92, 17, 32, 35, 45, 50, 66, 69, 72, 93, 95, 106, 0, 1, 2, 4, 7, 9, 14, 16, 18, 21, 22, 23, 30, 33, 46, 47, 56, 57, 60, 61, 76, 83, 90, 94, 99, 104, 6, 10, 11, 19, 34, 37, 38, 42, 49, 55, 58]",0.88+-0.04,0.21+-0.26,0.99+-0.02,0.85+-0.14
60,"[43, 48, 64, 5, 8, 39, 54, 65, 82, 84, 91, 92, 17, 32, 35, 45, 50, 66, 69, 72, 93, 95, 106, 0, 1, 2, 4, 7, 9, 14, 16, 18, 21, 22, 23, 30, 33, 46, 47, 56, 57, 60, 61, 76, 83, 90, 94, 99, 104, 6, 10, 11, 19, 34, 37, 38, 42, 49, 55, 58, 67]",0.89+-0.04,0.32+-0.28,0.99+-0.03,0.86+-0.12
61,"[43, 48, 64, 5, 8, 39, 54, 65, 82, 84, 91, 92, 17, 32, 35, 45, 50, 66, 69, 72, 93, 95, 106, 0, 1, 2, 4, 7, 9, 14, 16, 18, 21, 22, 23, 30, 33, 46, 47, 56, 57, 60, 61, 76, 83, 90, 94, 99, 104, 6, 10, 11, 19, 34, 37, 38, 42, 49, 55, 58, 67, 70]",0.9+-0.04,0.33+-0.26,0.99+-0.02,0.85+-0.12
62,"[43, 48, 64, 5, 8, 39, 54, 65, 82, 84, 91, 92, 17, 32, 35, 45, 50, 66, 69, 72, 93, 95, 106, 0, 1, 2, 4, 7, 9, 14, 16, 18, 21, 22, 23, 30, 33, 46, 47, 56, 57, 60, 61, 76, 83, 90, 94, 99, 104, 6, 10, 11, 19, 34, 37, 38, 42, 49, 55, 58, 67, 70, 79]",0.89+-0.04,0.25+-0.23,0.99+-0.02,0.87+-0.11
63,"[43, 48, 64, 5, 8, 39, 54, 65, 82, 84, 91, 92, 17, 32, 35, 45, 50, 66, 69, 72, 93, 95, 106, 0, 1, 2, 4, 7, 9, 14, 16, 18, 21, 22, 23, 30, 33, 46, 47, 56, 57, 60, 61, 76, 83, 90, 94, 99, 104, 6, 10, 11, 19, 34, 37, 38, 42, 49, 55, 58, 67, 70, 79, 86]",0.88+-0.05,0.23+-0.25,0.98+-0.04,0.87+-0.13
64,"[43, 48, 64, 5, 8, 39, 54, 65, 82, 84, 91, 92, 17, 32, 35, 45, 50, 66, 69, 72, 93, 95, 106, 0, 1, 2, 4, 7, 9, 14, 16, 18, 21, 22, 23, 30, 33, 46, 47, 56, 57, 60, 61, 76, 83, 90, 94, 99, 104, 6, 10, 11, 19, 34, 37, 38, 42, 49, 55, 58, 67, 70, 79, 86, 97]",0.89+-0.05,0.28+-0.28,0.99+-0.03,0.86+-0.14
65,"[43, 48, 64, 5, 8, 39, 54, 65, 82, 84, 91, 92, 17, 32, 35, 45, 50, 66, 69, 72, 93, 95, 106, 0, 1, 2, 4, 7, 9, 14, 16, 18, 21, 22, 23, 30, 33, 46, 47, 56, 57, 60, 61, 76, 83, 90, 94, 99, 104, 6, 10, 11, 19, 34, 37, 38, 42, 49, 55, 58, 67, 70, 79, 86, 97, 12]",0.9+-0.04,0.33+-0.29,1.0+-0.01,0.89+-0.11
66,"[43, 48, 64, 5, 8, 39, 54, 65, 82, 84, 91, 92, 17, 32, 35, 45, 50, 66, 69, 72, 93, 95, 106, 0, 1, 2, 4, 7, 9, 14, 16, 18, 21, 22, 23, 30, 33, 46, 47, 56, 57, 60, 61, 76, 83, 90, 94, 99, 104, 6, 10, 11, 19, 34, 37, 38, 42, 49, 55, 58, 67, 70, 79, 86, 97, 12, 13]",0.88+-0.05,0.23+-0.27,0.99+-0.02,0.86+-0.14
67,"[43, 48, 64, 5, 8, 39, 54, 65, 82, 84, 91, 92, 17, 32, 35, 45, 50, 66, 69, 72, 93, 95, 106, 0, 1, 2, 4, 7, 9, 14, 16, 18, 21, 22, 23, 30, 33, 46, 47, 56, 57, 60, 61, 76, 83, 90, 94, 99, 104, 6, 10, 11, 19, 34, 37, 38, 42, 49, 55, 58, 67, 70, 79, 86, 97, 12, 13, 27]",0.89+-0.04,0.25+-0.25,0.99+-0.03,0.85+-0.13
68,"[43, 48, 64, 5, 8, 39, 54, 65, 82, 84, 91, 92, 17, 32, 35, 45, 50, 66, 69, 72, 93, 95, 106, 0, 1, 2, 4, 7, 9, 14, 16, 18, 21, 22, 23, 30, 33, 46, 47, 56, 57, 60, 61, 76, 83, 90, 94, 99, 104, 6, 10, 11, 19, 34, 37, 38, 42, 49, 55, 58, 67, 70, 79, 86, 97, 12, 13, 27, 28]",0.89+-0.04,0.27+-0.28,0.99+-0.02,0.85+-0.13
69,"[43, 48, 64, 5, 8, 39, 54, 65, 82, 84, 91, 92, 17, 32, 35, 45, 50, 66, 69, 72, 93, 95, 106, 0, 1, 2, 4, 7, 9, 14, 16, 18, 21, 22, 23, 30, 33, 46, 47, 56, 57, 60, 61, 76, 83, 90, 94, 99, 104, 6, 10, 11, 19, 34, 37, 38, 42, 49, 55, 58, 67, 70, 79, 86, 97, 12, 13, 27, 28, 29]",0.89+-0.04,0.24+-0.22,1.0+-0.02,0.84+-0.17
70,"[43, 48, 64, 5, 8, 39, 54, 65, 82, 84, 91, 92, 17, 32, 35, 45, 50, 66, 69, 72, 93, 95, 106, 0, 1, 2, 4, 7, 9, 14, 16, 18, 21, 22, 23, 30, 33, 46, 47, 56, 57, 60, 61, 76, 83, 90, 94, 99, 104, 6, 10, 11, 19, 34, 37, 38, 42, 49, 55, 58, 67, 70, 79, 86, 97, 12, 13, 27, 28, 29, 36]",0.89+-0.04,0.23+-0.25,1.0+-0.02,0.82+-0.17
71,"[43, 48, 64, 5, 8, 39, 54, 65, 82, 84, 91, 92, 17, 32, 35, 45, 50, 66, 69, 72, 93, 95, 106, 0, 1, 2, 4, 7, 9, 14, 16, 18, 21, 22, 23, 30, 33, 46, 47, 56, 57, 60, 61, 76, 83, 90, 94, 99, 104, 6, 10, 11, 19, 34, 37, 38, 42, 49, 55, 58, 67, 70, 79, 86, 97, 12, 13, 27, 28, 29, 36, 44]",0.89+-0.04,0.28+-0.27,0.99+-0.03,0.87+-0.11
72,"[43, 48, 64, 5, 8, 39, 54, 65, 82, 84, 91, 92, 17, 32, 35, 45, 50, 66, 69, 72, 93, 95, 106, 0, 1, 2, 4, 7, 9, 14, 16, 18, 21, 22, 23, 30, 33, 46, 47, 56, 57, 60, 61, 76, 83, 90, 94, 99, 104, 6, 10, 11, 19, 34, 37, 38, 42, 49, 55, 58, 67, 70, 79, 86, 97, 12, 13, 27, 28, 29, 36, 44, 51]",0.89+-0.04,0.29+-0.27,0.99+-0.03,0.85+-0.14
73,"[43, 48, 64, 5, 8, 39, 54, 65, 82, 84, 91, 92, 17, 32, 35, 45, 50, 66, 69, 72, 93, 95, 106, 0, 1, 2, 4, 7, 9, 14, 16, 18, 21, 22, 23, 30, 33, 46, 47, 56, 57, 60, 61, 76, 83, 90, 94, 99, 104, 6, 10, 11, 19, 34, 37, 38, 42, 49, 55, 58, 67, 70, 79, 86, 97, 12, 13, 27, 28, 29, 36, 44, 51, 52]",0.88+-0.05,0.28+-0.26,0.98+-0.03,0.85+-0.14
74,"[43, 48, 64, 5, 8, 39, 54, 65, 82, 84, 91, 92, 17, 32, 35, 45, 50, 66, 69, 72, 93, 95, 106, 0, 1, 2, 4, 7, 9, 14, 16, 18, 21, 22, 23, 30, 33, 46, 47, 56, 57, 60, 61, 76, 83, 90, 94, 99, 104, 6, 10, 11, 19, 34, 37, 38, 42, 49, 55, 58, 67, 70, 79, 86, 97, 12, 13, 27, 28, 29, 36, 44, 51, 52, 59]",0.88+-0.04,0.21+-0.28,0.99+-0.02,0.83+-0.14
75,"[43, 48, 64, 5, 8, 39, 54, 65, 82, 84, 91, 92, 17, 32, 35, 45, 50, 66, 69, 72, 93, 95, 106, 0, 1, 2, 4, 7, 9, 14, 16, 18, 21, 22, 23, 30, 33, 46, 47, 56, 57, 60, 61, 76, 83, 90, 94, 99, 104, 6, 10, 11, 19, 34, 37, 38, 42, 49, 55, 58, 67, 70, 79, 86, 97, 12, 13, 27, 28, 29, 36, 44, 51, 52, 59, 71]",0.89+-0.04,0.27+-0.3,1.0+-0.02,0.84+-0.12
76,"[43, 48, 64, 5, 8, 39, 54, 65, 82, 84, 91, 92, 17, 32, 35, 45, 50, 66, 69, 72, 93, 95, 106, 0, 1, 2, 4, 7, 9, 14, 16, 18, 21, 22, 23, 30, 33, 46, 47, 56, 57, 60, 61, 76, 83, 90, 94, 99, 104, 6, 10, 11, 19, 34, 37, 38, 42, 49, 55, 58, 67, 70, 79, 86, 97, 12, 13, 27, 28, 29, 36, 44, 51, 52, 59, 71, 80]",0.89+-0.05,0.23+-0.33,1.0+-0.0,0.85+-0.13
77,"[43, 48, 64, 5, 8, 39, 54, 65, 82, 84, 91, 92, 17, 32, 35, 45, 50, 66, 69, 72, 93, 95, 106, 0, 1, 2, 4, 7, 9, 14, 16, 18, 21, 22, 23, 30, 33, 46, 47, 56, 57, 60, 61, 76, 83, 90, 94, 99, 104, 6, 10, 11, 19, 34, 37, 38, 42, 49, 55, 58, 67, 70, 79, 86, 97, 12, 13, 27, 28, 29, 36, 44, 51, 52, 59, 71, 80, 81]",0.89+-0.05,0.27+-0.27,0.99+-0.03,0.85+-0.09
78,"[43, 48, 64, 5, 8, 39, 54, 65, 82, 84, 91, 92, 17, 32, 35, 45, 50, 66, 69, 72, 93, 95, 106, 0, 1, 2, 4, 7, 9, 14, 16, 18, 21, 22, 23, 30, 33, 46, 47, 56, 57, 60, 61, 76, 83, 90, 94, 99, 104, 6, 10, 11, 19, 34, 37, 38, 42, 49, 55, 58, 67, 70, 79, 86, 97, 12, 13, 27, 28, 29, 36, 44, 51, 52, 59, 71, 80, 81, 85]",0.89+-0.04,0.25+-0.27,1.0+-0.02,0.82+-0.13
79,"[43, 48, 64, 5, 8, 39, 54, 65, 82, 84, 91, 92, 17, 32, 35, 45, 50, 66, 69, 72, 93, 95, 106, 0, 1, 2, 4, 7, 9, 14, 16, 18, 21, 22, 23, 30, 33, 46, 47, 56, 57, 60, 61, 76, 83, 90, 94, 99, 104, 6, 10, 11, 19, 34, 37, 38, 42, 49, 55, 58, 67, 70, 79, 86, 97, 12, 13, 27, 28, 29, 36, 44, 51, 52, 59, 71, 80, 81, 85, 88]",0.89+-0.05,0.25+-0.3,0.99+-0.02,0.83+-0.15
80,"[43, 48, 64, 5, 8, 39, 54, 65, 82, 84, 91, 92, 17, 32, 35, 45, 50, 66, 69, 72, 93, 95, 106, 0, 1, 2, 4, 7, 9, 14, 16, 18, 21, 22, 23, 30, 33, 46, 47, 56, 57, 60, 61, 76, 83, 90, 94, 99, 104, 6, 10, 11, 19, 34, 37, 38, 42, 49, 55, 58, 67, 70, 79, 86, 97, 12, 13, 27, 28, 29, 36, 44, 51, 52, 59, 71, 80, 81, 85, 88, 89]",0.88+-0.05,0.21+-0.29,0.99+-0.02,0.86+-0.12
81,"[43, 48, 64, 5, 8, 39, 54, 65, 82, 84, 91, 92, 17, 32, 35, 45, 50, 66, 69, 72, 93, 95, 106, 0, 1, 2, 4, 7, 9, 14, 16, 18, 21, 22, 23, 30, 33, 46, 47, 56, 57, 60, 61, 76, 83, 90, 94, 99, 104, 6, 10, 11, 19, 34, 37, 38, 42, 49, 55, 58, 67, 70, 79, 86, 97, 12, 13, 27, 28, 29, 36, 44, 51, 52, 59, 71, 80, 81, 85, 88, 89, 96]",0.89+-0.04,0.23+-0.28,0.99+-0.02,0.86+-0.12
82,"[43, 48, 64, 5, 8, 39, 54, 65, 82, 84, 91, 92, 17, 32, 35, 45, 50, 66, 69, 72, 93, 95, 106, 0, 1, 2, 4, 7, 9, 14, 16, 18, 21, 22, 23, 30, 33, 46, 47, 56, 57, 60, 61, 76, 83, 90, 94, 99, 104, 6, 10, 11, 19, 34, 37, 38, 42, 49, 55, 58, 67, 70, 79, 86, 97, 12, 13, 27, 28, 29, 36, 44, 51, 52, 59, 71, 80, 81, 85, 88, 89, 96, 100]",0.9+-0.05,0.29+-0.34,0.99+-0.02,0.84+-0.13
83,"[43, 48, 64, 5, 8, 39, 54, 65, 82, 84, 91, 92, 17, 32, 35, 45, 50, 66, 69, 72, 93, 95, 106, 0, 1, 2, 4, 7, 9, 14, 16, 18, 21, 22, 23, 30, 33, 46, 47, 56, 57, 60, 61, 76, 83, 90, 94, 99, 104, 6, 10, 11, 19, 34, 37, 38, 42, 49, 55, 58, 67, 70, 79, 86, 97, 12, 13, 27, 28, 29, 36, 44, 51, 52, 59, 71, 80, 81, 85, 88, 89, 96, 100, 101]",0.88+-0.05,0.23+-0.23,0.99+-0.03,0.84+-0.15
84,"[43, 48, 64, 5, 8, 39, 54, 65, 82, 84, 91, 92, 17, 32, 35, 45, 50, 66, 69, 72, 93, 95, 106, 0, 1, 2, 4, 7, 9, 14, 16, 18, 21, 22, 23, 30, 33, 46, 47, 56, 57, 60, 61, 76, 83, 90, 94, 99, 104, 6, 10, 11, 19, 34, 37, 38, 42, 49, 55, 58, 67, 70, 79, 86, 97, 12, 13, 27, 28, 29, 36, 44, 51, 52, 59, 71, 80, 81, 85, 88, 89, 96, 100, 101, 103]",0.88+-0.04,0.19+-0.22,0.99+-0.03,0.85+-0.11
85,"[43, 48, 64, 5, 8, 39, 54, 65, 82, 84, 91, 92, 17, 32, 35, 45, 50, 66, 69, 72, 93, 95, 106, 0, 1, 2, 4, 7, 9, 14, 16, 18, 21, 22, 23, 30, 33, 46, 47, 56, 57, 60, 61, 76, 83, 90, 94, 99, 104, 6, 10, 11, 19, 34, 37, 38, 42, 49, 55, 58, 67, 70, 79, 86, 97, 12, 13, 27, 28, 29, 36, 44, 51, 52, 59, 71, 80, 81, 85, 88, 89, 96, 100, 101, 103, 105]",0.89+-0.03,0.22+-0.22,1.0+-0.02,0.86+-0.12
86,"[43, 48, 64, 5, 8, 39, 54, 65, 82, 84, 91, 92, 17, 32, 35, 45, 50, 66, 69, 72, 93, 95, 106, 0, 1, 2, 4, 7, 9, 14, 16, 18, 21, 22, 23, 30, 33, 46, 47, 56, 57, 60, 61, 76, 83, 90, 94, 99, 104, 6, 10, 11, 19, 34, 37, 38, 42, 49, 55, 58, 67, 70, 79, 86, 97, 12, 13, 27, 28, 29, 36, 44, 51, 52, 59, 71, 80, 81, 85, 88, 89, 96, 100, 101, 103, 105, 24]",0.88+-0.05,0.19+-0.23,0.99+-0.03,0.86+-0.1
87,"[43, 48, 64, 5, 8, 39, 54, 65, 82, 84, 91, 92, 17, 32, 35, 45, 50, 66, 69, 72, 93, 95, 106, 0, 1, 2, 4, 7, 9, 14, 16, 18, 21, 22, 23, 30, 33, 46, 47, 56, 57, 60, 61, 76, 83, 90, 94, 99, 104, 6, 10, 11, 19, 34, 37, 38, 42, 49, 55, 58, 67, 70, 79, 86, 97, 12, 13, 27, 28, 29, 36, 44, 51, 52, 59, 71, 80, 81, 85, 88, 89, 96, 100, 101, 103, 105, 24, 25]",0.89+-0.04,0.27+-0.21,0.99+-0.02,0.86+-0.14
88,"[43, 48, 64, 5, 8, 39, 54, 65, 82, 84, 91, 92, 17, 32, 35, 45, 50, 66, 69, 72, 93, 95, 106, 0, 1, 2, 4, 7, 9, 14, 16, 18, 21, 22, 23, 30, 33, 46, 47, 56, 57, 60, 61, 76, 83, 90, 94, 99, 104, 6, 10, 11, 19, 34, 37, 38, 42, 49, 55, 58, 67, 70, 79, 86, 97, 12, 13, 27, 28, 29, 36, 44, 51, 52, 59, 71, 80, 81, 85, 88, 89, 96, 100, 101, 103, 105, 24, 25, 26]",0.89+-0.05,0.31+-0.29,0.99+-0.02,0.86+-0.1
89,"[43, 48, 64, 5, 8, 39, 54, 65, 82, 84, 91, 92, 17, 32, 35, 45, 50, 66, 69, 72, 93, 95, 106, 0, 1, 2, 4, 7, 9, 14, 16, 18, 21, 22, 23, 30, 33, 46, 47, 56, 57, 60, 61, 76, 83, 90, 94, 99, 104, 6, 10, 11, 19, 34, 37, 38, 42, 49, 55, 58, 67, 70, 79, 86, 97, 12, 13, 27, 28, 29, 36, 44, 51, 52, 59, 71, 80, 81, 85, 88, 89, 96, 100, 101, 103, 105, 24, 25, 26, 40]",0.87+-0.04,0.18+-0.2,0.99+-0.02,0.84+-0.12
90,"[43, 48, 64, 5, 8, 39, 54, 65, 82, 84, 91, 92, 17, 32, 35, 45, 50, 66, 69, 72, 93, 95, 106, 0, 1, 2, 4, 7, 9, 14, 16, 18, 21, 22, 23, 30, 33, 46, 47, 56, 57, 60, 61, 76, 83, 90, 94, 99, 104, 6, 10, 11, 19, 34, 37, 38, 42, 49, 55, 58, 67, 70, 79, 86, 97, 12, 13, 27, 28, 29, 36, 44, 51, 52, 59, 71, 80, 81, 85, 88, 89, 96, 100, 101, 103, 105, 24, 25, 26, 40, 62]",0.89+-0.04,0.22+-0.28,1.0+-0.01,0.88+-0.09
91,"[43, 48, 64, 5, 8, 39, 54, 65, 82, 84, 91, 92, 17, 32, 35, 45, 50, 66, 69, 72, 93, 95, 106, 0, 1, 2, 4, 7, 9, 14, 16, 18, 21, 22, 23, 30, 33, 46, 47, 56, 57, 60, 61, 76, 83, 90, 94, 99, 104, 6, 10, 11, 19, 34, 37, 38, 42, 49, 55, 58, 67, 70, 79, 86, 97, 12, 13, 27, 28, 29, 36, 44, 51, 52, 59, 71, 80, 81, 85, 88, 89, 96, 100, 101, 103, 105, 24, 25, 26, 40, 62, 68]",0.88+-0.05,0.21+-0.29,0.99+-0.02,0.85+-0.11
92,"[43, 48, 64, 5, 8, 39, 54, 65, 82, 84, 91, 92, 17, 32, 35, 45, 50, 66, 69, 72, 93, 95, 106, 0, 1, 2, 4, 7, 9, 14, 16, 18, 21, 22, 23, 30, 33, 46, 47, 56, 57, 60, 61, 76, 83, 90, 94, 99, 104, 6, 10, 11, 19, 34, 37, 38, 42, 49, 55, 58, 67, 70, 79, 86, 97, 12, 13, 27, 28, 29, 36, 44, 51, 52, 59, 71, 80, 81, 85, 88, 89, 96, 100, 101, 103, 105, 24, 25, 26, 40, 62, 68, 78]",0.89+-0.04,0.25+-0.25,1.0+-0.02,0.87+-0.09
93,"[43, 48, 64, 5, 8, 39, 54, 65, 82, 84, 91, 92, 17, 32, 35, 45, 50, 66, 69, 72, 93, 95, 106, 0, 1, 2, 4, 7, 9, 14, 16, 18, 21, 22, 23, 30, 33, 46, 47, 56, 57, 60, 61, 76, 83, 90, 94, 99, 104, 6, 10, 11, 19, 34, 37, 38, 42, 49, 55, 58, 67, 70, 79, 86, 97, 12, 13, 27, 28, 29, 36, 44, 51, 52, 59, 71, 80, 81, 85, 88, 89, 96, 100, 101, 103, 105, 24, 25, 26, 40, 62, 68, 78, 15]",0.89+-0.04,0.27+-0.25,1.0+-0.02,0.83+-0.12
94,"[43, 48, 64, 5, 8, 39, 54, 65, 82, 84, 91, 92, 17, 32, 35, 45, 50, 66, 69, 72, 93, 95, 106, 0, 1, 2, 4, 7, 9, 14, 16, 18, 21, 22, 23, 30, 33, 46, 47, 56, 57, 60, 61, 76, 83, 90, 94, 99, 104, 6, 10, 11, 19, 34, 37, 38, 42, 49, 55, 58, 67, 70, 79, 86, 97, 12, 13, 27, 28, 29, 36, 44, 51, 52, 59, 71, 80, 81, 85, 88, 89, 96, 100, 101, 103, 105, 24, 25, 26, 40, 62, 68, 78, 15, 20]",0.9+-0.04,0.28+-0.28,1.0+-0.0,0.85+-0.12
95,"[43, 48, 64, 5, 8, 39, 54, 65, 82, 84, 91, 92, 17, 32, 35, 45, 50, 66, 69, 72, 93, 95, 106, 0, 1, 2, 4, 7, 9, 14, 16, 18, 21, 22, 23, 30, 33, 46, 47, 56, 57, 60, 61, 76, 83, 90, 94, 99, 104, 6, 10, 11, 19, 34, 37, 38, 42, 49, 55, 58, 67, 70, 79, 86, 97, 12, 13, 27, 28, 29, 36, 44, 51, 52, 59, 71, 80, 81, 85, 88, 89, 96, 100, 101, 103, 105, 24, 25, 26, 40, 62, 68, 78, 15, 20, 41]",0.89+-0.04,0.26+-0.31,0.99+-0.02,0.83+-0.15
96,"[43, 48, 64, 5, 8, 39, 54, 65, 82, 84, 91, 92, 17, 32, 35, 45, 50, 66, 69, 72, 93, 95, 106, 0, 1, 2, 4, 7, 9, 14, 16, 18, 21, 22, 23, 30, 33, 46, 47, 56, 57, 60, 61, 76, 83, 90, 94, 99, 104, 6, 10, 11, 19, 34, 37, 38, 42, 49, 55, 58, 67, 70, 79, 86, 97, 12, 13, 27, 28, 29, 36, 44, 51, 52, 59, 71, 80, 81, 85, 88, 89, 96, 100, 101, 103, 105, 24, 25, 26, 40, 62, 68, 78, 15, 20, 41, 53]",0.9+-0.05,0.3+-0.34,1.0+-0.0,0.83+-0.16
97,"[43, 48, 64, 5, 8, 39, 54, 65, 82, 84, 91, 92, 17, 32, 35, 45, 50, 66, 69, 72, 93, 95, 106, 0, 1, 2, 4, 7, 9, 14, 16, 18, 21, 22, 23, 30, 33, 46, 47, 56, 57, 60, 61, 76, 83, 90, 94, 99, 104, 6, 10, 11, 19, 34, 37, 38, 42, 49, 55, 58, 67, 70, 79, 86, 97, 12, 13, 27, 28, 29, 36, 44, 51, 52, 59, 71, 80, 81, 85, 88, 89, 96, 100, 101, 103, 105, 24, 25, 26, 40, 62, 68, 78, 15, 20, 41, 53, 63]",0.89+-0.04,0.25+-0.23,1.0+-0.01,0.83+-0.14
98,"[43, 48, 64, 5, 8, 39, 54, 65, 82, 84, 91, 92, 17, 32, 35, 45, 50, 66, 69, 72, 93, 95, 106, 0, 1, 2, 4, 7, 9, 14, 16, 18, 21, 22, 23, 30, 33, 46, 47, 56, 57, 60, 61, 76, 83, 90, 94, 99, 104, 6, 10, 11, 19, 34, 37, 38, 42, 49, 55, 58, 67, 70, 79, 86, 97, 12, 13, 27, 28, 29, 36, 44, 51, 52, 59, 71, 80, 81, 85, 88, 89, 96, 100, 101, 103, 105, 24, 25, 26, 40, 62, 68, 78, 15, 20, 41, 53, 63, 73]",0.88+-0.03,0.21+-0.2,0.99+-0.03,0.86+-0.11
99,"[43, 48, 64, 5, 8, 39, 54, 65, 82, 84, 91, 92, 17, 32, 35, 45, 50, 66, 69, 72, 93, 95, 106, 0, 1, 2, 4, 7, 9, 14, 16, 18, 21, 22, 23, 30, 33, 46, 47, 56, 57, 60, 61, 76, 83, 90, 94, 99, 104, 6, 10, 11, 19, 34, 37, 38, 42, 49, 55, 58, 67, 70, 79, 86, 97, 12, 13, 27, 28, 29, 36, 44, 51, 52, 59, 71, 80, 81, 85, 88, 89, 96, 100, 101, 103, 105, 24, 25, 26, 40, 62, 68, 78, 15, 20, 41, 53, 63, 73, 74]",0.87+-0.04,0.17+-0.21,0.99+-0.02,0.85+-0.1
100,"[43, 48, 64, 5, 8, 39, 54, 65, 82, 84, 91, 92, 17, 32, 35, 45, 50, 66, 69, 72, 93, 95, 106, 0, 1, 2, 4, 7, 9, 14, 16, 18, 21, 22, 23, 30, 33, 46, 47, 56, 57, 60, 61, 76, 83, 90, 94, 99, 104, 6, 10, 11, 19, 34, 37, 38, 42, 49, 55, 58, 67, 70, 79, 86, 97, 12, 13, 27, 28, 29, 36, 44, 51, 52, 59, 71, 80, 81, 85, 88, 89, 96, 100, 101, 103, 105, 24, 25, 26, 40, 62, 68, 78, 15, 20, 41, 53, 63, 73, 74, 75]",0.89+-0.04,0.25+-0.23,1.0+-0.02,0.86+-0.13
101,"[43, 48, 64, 5, 8, 39, 54, 65, 82, 84, 91, 92, 17, 32, 35, 45, 50, 66, 69, 72, 93, 95, 106, 0, 1, 2, 4, 7, 9, 14, 16, 18, 21, 22, 23, 30, 33, 46, 47, 56, 57, 60, 61, 76, 83, 90, 94, 99, 104, 6, 10, 11, 19, 34, 37, 38, 42, 49, 55, 58, 67, 70, 79, 86, 97, 12, 13, 27, 28, 29, 36, 44, 51, 52, 59, 71, 80, 81, 85, 88, 89, 96, 100, 101, 103, 105, 24, 25, 26, 40, 62, 68, 78, 15, 20, 41, 53, 63, 73, 74, 75, 3]",0.89+-0.04,0.21+-0.28,1.0+-0.0,0.85+-0.12
102,"[43, 48, 64, 5, 8, 39, 54, 65, 82, 84, 91, 92, 17, 32, 35, 45, 50, 66, 69, 72, 93, 95, 106, 0, 1, 2, 4, 7, 9, 14, 16, 18, 21, 22, 23, 30, 33, 46, 47, 56, 57, 60, 61, 76, 83, 90, 94, 99, 104, 6, 10, 11, 19, 34, 37, 38, 42, 49, 55, 58, 67, 70, 79, 86, 97, 12, 13, 27, 28, 29, 36, 44, 51, 52, 59, 71, 80, 81, 85, 88, 89, 96, 100, 101, 103, 105, 24, 25, 26, 40, 62, 68, 78, 15, 20, 41, 53, 63, 73, 74, 75, 3, 31]",0.87+-0.06,0.22+-0.22,0.98+-0.04,0.86+-0.12
103,"[43, 48, 64, 5, 8, 39, 54, 65, 82, 84, 91, 92, 17, 32, 35, 45, 50, 66, 69, 72, 93, 95, 106, 0, 1, 2, 4, 7, 9, 14, 16, 18, 21, 22, 23, 30, 33, 46, 47, 56, 57, 60, 61, 76, 83, 90, 94, 99, 104, 6, 10, 11, 19, 34, 37, 38, 42, 49, 55, 58, 67, 70, 79, 86, 97, 12, 13, 27, 28, 29, 36, 44, 51, 52, 59, 71, 80, 81, 85, 88, 89, 96, 100, 101, 103, 105, 24, 25, 26, 40, 62, 68, 78, 15, 20, 41, 53, 63, 73, 74, 75, 3, 31, 107]",0.9+-0.04,0.29+-0.29,1.0+-0.0,0.85+-0.14
104,"[43, 48, 64, 5, 8, 39, 54, 65, 82, 84, 91, 92, 17, 32, 35, 45, 50, 66, 69, 72, 93, 95, 106, 0, 1, 2, 4, 7, 9, 14, 16, 18, 21, 22, 23, 30, 33, 46, 47, 56, 57, 60, 61, 76, 83, 90, 94, 99, 104, 6, 10, 11, 19, 34, 37, 38, 42, 49, 55, 58, 67, 70, 79, 86, 97, 12, 13, 27, 28, 29, 36, 44, 51, 52, 59, 71, 80, 81, 85, 88, 89, 96, 100, 101, 103, 105, 24, 25, 26, 40, 62, 68, 78, 15, 20, 41, 53, 63, 73, 74, 75, 3, 31, 107, 77]",0.89+-0.04,0.23+-0.23,1.0+-0.02,0.84+-0.12
105,"[43, 48, 64, 5, 8, 39, 54, 65, 82, 84, 91, 92, 17, 32, 35, 45, 50, 66, 69, 72, 93, 95, 106, 0, 1, 2, 4, 7, 9, 14, 16, 18, 21, 22, 23, 30, 33, 46, 47, 56, 57, 60, 61, 76, 83, 90, 94, 99, 104, 6, 10, 11, 19, 34, 37, 38, 42, 49, 55, 58, 67, 70, 79, 86, 97, 12, 13, 27, 28, 29, 36, 44, 51, 52, 59, 71, 80, 81, 85, 88, 89, 96, 100, 101, 103, 105, 24, 25, 26, 40, 62, 68, 78, 15, 20, 41, 53, 63, 73, 74, 75, 3, 31, 107, 77, 87]",0.89+-0.04,0.23+-0.28,0.99+-0.02,0.83+-0.16
106,"[43, 48, 64, 5, 8, 39, 54, 65, 82, 84, 91, 92, 17, 32, 35, 45, 50, 66, 69, 72, 93, 95, 106, 0, 1, 2, 4, 7, 9, 14, 16, 18, 21, 22, 23, 30, 33, 46, 47, 56, 57, 60, 61, 76, 83, 90, 94, 99, 104, 6, 10, 11, 19, 34, 37, 38, 42, 49, 55, 58, 67, 70, 79, 86, 97, 12, 13, 27, 28, 29, 36, 44, 51, 52, 59, 71, 80, 81, 85, 88, 89, 96, 100, 101, 103, 105, 24, 25, 26, 40, 62, 68, 78, 15, 20, 41, 53, 63, 73, 74, 75, 3, 31, 107, 77, 87, 98]",0.89+-0.05,0.26+-0.26,0.99+-0.02,0.86+-0.1
107,"[43, 48, 64, 5, 8, 39, 54, 65, 82, 84, 91, 92, 17, 32, 35, 45, 50, 66, 69, 72, 93, 95, 106, 0, 1, 2, 4, 7, 9, 14, 16, 18, 21, 22, 23, 30, 33, 46, 47, 56, 57, 60, 61, 76, 83, 90, 94, 99, 104, 6, 10, 11, 19, 34, 37, 38, 42, 49, 55, 58, 67, 70, 79, 86, 97, 12, 13, 27, 28, 29, 36, 44, 51, 52, 59, 71, 80, 81, 85, 88, 89, 96, 100, 101, 103, 105, 24, 25, 26, 40, 62, 68, 78, 15, 20, 41, 53, 63, 73, 74, 75, 3, 31, 107, 77, 87, 98, 102]",0.89+-0.04,0.29+-0.31,0.99+-0.03,0.85+-0.13
